<?xml version="1.0" encoding="UTF-8"?>
<project-private xmlns="http://www.netbeans.org/ns/project-private/1">
    <editor-bookmarks xmlns="http://www.netbeans.org/ns/editor-bookmarks/2" lastBookmarkId="0"/>
    <open-files xmlns="http://www.netbeans.org/ns/projectui-open-files/2">
        <group>
            <file>file:/C:/Users/abhia/Documents/NetBeansProjects/Random/src/resources/output.txt</file>
            <file>file:/C:/Users/abhia/Documents/NetBeansProjects/Random/src/random/Random.java</file>
            <file>file:/C:/Users/abhia/Documents/NetBeansProjects/Random/src/resources/cube.txt</file>
            <file>file:/C:/Users/abhia/Documents/NetBeansProjects/Random/src/resources/input.txt</file>
        </group>
    </open-files>
</project-private>
